<?xml version="1.0" encoding="UTF-8" standalone="yes"?>
<addon id="service.interneto.tv"
       name="Interneto.tv proxy service"
       version="0.1"
       provider-name="">
  <requires>
    <import addon="xbmc.python" version="2.1.0"/>
    <import addon="script.module.beautifulsoup4" version="4.3.1"/>
    <import addon="script.module.httplib2" />
    <import addon="script.module.elementtree" />
    <import addon="script.module.simplejson" />
  </requires>
  <extension point="xbmc.service" library="runKodi.py" start="start" />
  <extension point="xbmc.addon.metadata">
    <platform>all</platform>
    <summary lang="en"></summary>
  </extension>
</addon>