<?xml version="1.0" encoding="UTF-8" standalone="yes"?>
<addon id="plugin.audio.pakartot.lt"
       name="Pakartot.lt"
       version="0.4" 
       provider-name="Vytautas Mickus">
  <requires>
    <import addon="xbmc.python" version="2.1.0"/>
    <import addon="script.module.simplejson" version="2.0.10"/>
  </requires>
  <extension point="xbmc.python.pluginsource"
            library="default.py">
        <provides>audio</provides>
  </extension>
  <extension point="xbmc.addon.metadata">
    <summary lang="en">Pakartot.LT audio player</summary>
    <summary lang="lt">Pakartot.LT muzikos grotuvas</summary>
    <description lang="en">The biggest lithuanian legal music database.</description>
    <description lang="lt">Didžiausia legalios lietuviškos muzikos duomenų bazė.</description>
    <platform>all</platform>
    <language>lt</language>
    <license>GPLv2</license>
    <source>https://github.com/Vytax/plugin.audio.pakartot.lt</source>
    <email>vmickus@gmail.com</email>
  </extension>
</addon>
