<?xml version="1.0" encoding="UTF-8" standalone="yes"?>
<addon id="plugin.video.interneto.tv"
       name="TEO Interneto.tv"
       version="0.1" 
       provider-name="Vytautas Mickus">
  <requires>
    <import addon="xbmc.python" version="2.1.0"/>
    <import addon="script.module.beautifulsoup4" version="4.3.1"/>
    <import addon="script.module.httplib2" />
    <import addon="script.common.plugin.cache" version="2.5.6"/>
  </requires>
  <extension point="xbmc.python.pluginsource"
            library="default.py">
        <provides>video</provides>
  </extension>
  <extension point="xbmc.addon.metadata">
    <summary lang="en">Interneto.tv media player</summary>
    <summary lang="lt">Interneto.tv media grotuvas</summary>
    <description lang="en">Watch live TV online from http://www.interneto.tv .</description>
    <description lang="lt">Pamatyk http://www.interneto.tv internetinę televiziją.</description>
    <platform>all</platform>
    <language>lt</language>
    <license>GPLv2</license>
    <source>https://github.com/Vytax/plugin.video.interneto.tv</source>
    <email>vmickus@gmail.com</email>
  </extension>
</addon>
