<?xml version="1.0" encoding="UTF-8" standalone="yes"?>
<addon id="plugin.video.delfi.lt"
       name="Delfi TV"
       version="0.1" 
       provider-name="Vytautas Mickus">
  <requires>
    <import addon="xbmc.python" version="2.1.0"/>
    <import addon="script.module.simplejson" version="2.0.10"/>
    <import addon="plugin.video.youtube" version="5.0.0"/>
  </requires>
  <extension point="xbmc.python.pluginsource"
            library="default.py">
        <provides>video</provides>
  </extension>
  <extension point="xbmc.addon.metadata">
    <summary lang="en">DELFI TV media player</summary>
    <summary lang="lt">DELFI TV media grotuvas</summary>
    <description lang="en">Watch content from delfi.lt/video</description>
    <description lang="lt">Pamatyk delfi.lt/video turinį ir tiesiogines transliacijas</description>
    <platform>all</platform>
    <language>lt</language>
    <license>GPLv2</license>
    <source>https://github.com/Vytax/plugin.video.delfi.lt</source>
    <email>vmickus@gmail.com</email>
  </extension>
</addon>
