<?xml version="1.0" encoding="UTF-8" standalone="yes"?>
<addon id="plugin.video.lnk.lt"
       name="LNK GO"
       version="0.4.1" 
       provider-name="Vytautas Mickus">
  <requires>
    <import addon="xbmc.python" version="2.1.0"/>
    <import addon="script.module.simplejson" version="2.0.10"/>
  </requires>
  <extension point="xbmc.python.pluginsource"
            library="default.py">
        <provides>video</provides>
  </extension>
  <extension point="xbmc.addon.metadata">
    <summary lang="en">LNK Go media player</summary>
    <summary lang="lt">LNK Go media grotuvas</summary>
    <description lang="en">Watch content from http://lnkgo.alfa.lt/</description>
    <description lang="lt">Pamatyk http://lnkgo.alfa.lt/ video turinį.</description>
    <platform>all</platform>
    <language>lt</language>
    <license>GPLv2</license>
    <source>https://github.com/Vytax/plugin.video.lnk.lt</source>
    <email>vmickus@gmail.com</email>
  </extension>
</addon>
