<?xml version="1.0" encoding="UTF-8" standalone="yes"?>
<addon id="plugin.weather.meteo.lt" name="Lithuanian Hydrometeorological Service" version="0.3" provider-name="Vytautas Mickus">
  <requires>
    <import addon="xbmc.python" version="2.1.0"/>
    <import addon="script.module.simplejson" version="3.3.0"/>
    <import addon="script.module.beautifulsoup4" version="4.3.1"/>
  </requires>
  <extension point="xbmc.python.weather" library="default.py"/>
  <extension point="xbmc.addon.metadata"> 
    <summary lang="en">Weather forecast from meteo.lt</summary>
    <summary lang="lt_LT">Orų prognozė iš meteo.lt</summary>
    <language>lt</language>
    <platform>all</platform>
    <license>GPLv2</license>
    <email>vmickus@gmail.com</email>
    <source>https://github.com/Vytax/plugin.weather.meteo.lt</source>
  </extension>
</addon>